[
{
    "dataset": {
        "1": {"name":"rahul", "rol":"22"},
        "2": {"name":"ashok", "rol":"23"},
        "3": {
            "id": "1003",
            "coursename": "Python",
            "price": "500$",
            "details": "Python is an interpreted high-level general-purpose programming language. Python's design philosophy emphasizes code readability with its notable use of significant indentation. Its language constructs as well as its object-oriented approach aim to help programmers write clear, logical code for small and large-scale projects.",
            "image": "https://images.unsplash.com/photo-1515879218367-8466d910aaa4?ixid=MnwxMjA3fDB8MHxwaG90by1wYWdlfHx8fGVufDB8fHx8&ixlib=rb-1.2.1&auto=format&fit=crop&w=450&q=300"
          },
      
          "4": {
            "id": "1004",
            "coursename": "JavaScripts",
            "price": "300$",
            "details": "JavaScript, often abbreviated as JS, is a programming language that conforms to the ECMAScript specification. JavaScript is high-level, often just-in-time compiled, and multi-paradigm. It has curly-bracket syntax, dynamic typing, prototype-based object-orientation, and first-class functions",
            "image": "https://images.unsplash.com/photo-1593720216276-0caa6452e004?ixid=MnwxMjA3fDB8MHxwaG90by1wYWdlfHx8fGVufDB8fHx8&ixlib=rb-1.2.1&auto=format&fit=crop&w=500&q=80"
          }
    }
}
]