{
  "dataset": [
    {
      "id": "1001",
      "coursename": "HTML",
      "price": "100$",
      "details": "Web Design is a profession involving planning, building out, and maintaining websites. The skills and disciplines involved with Web Design include Graphic Design.",
      "image": "https://images.unsplash.com/photo-1542831371-29b0f74f9713?ixid=MnwxMjA3fDB8MHxwaG90by1wYWdlfHx8fGVufDB8fHx8&ixlib=rb-1.2.1&auto=format&fit=crop&w=800&q=80"
    },

    {
      "id": "1002",
      "coursename": "CSS",
      "price": "110$",
      "details": "CSS Design is a profession involving planning, building out, and maintaining websites. The skills and disciplines involved with Web Design include Graphic Design.",
      "image": "https://images.unsplash.com/photo-1523437113738-bbd3cc89fb19?ixlib=rb-1.2.1&ixid=MnwxMjA3fDB8MHxwaG90by1wYWdlfHx8fGVufDB8fHx8&auto=format&fit=crop&w=800&q=80"
    },
    {
      "id": "1003",
      "coursename": "Python",
      "price": "500$",
      "details": "Python is an interpreted high-level general-purpose programming language. Python's design philosophy emphasizes code readability with its notable use of significant indentation.",
      "image": "https://images.unsplash.com/photo-1515879218367-8466d910aaa4?ixid=MnwxMjA3fDB8MHxwaG90by1wYWdlfHx8fGVufDB8fHx8&ixlib=rb-1.2.1&auto=format&fit=crop&w=800&q=533"
    },
    {
      "id": "1004",
      "coursename": "JavaScripts",
      "price": "300$",
      "details": "JavaScript, often abbreviated as JS, is a programming language that conforms to the ECMAScript specification. JavaScript is high-level, often just-in-time compiled, and multi-paradigm.",
      "image": "https://images.unsplash.com/photo-1593720216276-0caa6452e004?ixid=MnwxMjA3fDB8MHxwaG90by1wYWdlfHx8fGVufDB8fHx8&ixlib=rb-1.2.1&auto=format&fit=crop&w=800&q=80"
    }

  ]
}
